feature1,feature2,target
0.9034542840016329,0.9179365893642,0.9935933855215953
0.466810111854958,0.3219249422535888,0.7230605380399879
0.4847608639734259,0.21797087310103425,0.269757079889816
0.5051890301662956,0.40793678661536925,0.7512327421628591
0.659756640069235,0.014905134827407962,0.1006594716074416
0.0013186413104492312,0.4654300985398502,0.2538167017104205
0.5483862005448631,0.16689553023736847,0.5727720798254573
0.8799891555659095,0.7398493403310866,0.4330961420034126
0.9389309591896243,0.9334309875849929,0.9776555827324531
0.7381281829334184,0.26662833581183243,0.6050046295733583
0.7202582435819568,0.09295758979518087,0.26189627142812744
0.33101605443764615,0.6220740720565833,0.2854231879117314
0.36093397386248427,0.5683245254411093,0.7206466312795479
0.6671619053421248,0.49994043292338153,0.572762992480774
0.24580129172328424,0.12967775840868379,0.7087913924233378
0.9584879737108758,0.517788229466977,0.5954516319031677
0.8290407745179349,0.8661260485431885,0.3028969772201193
0.41279856032607376,0.28291913733010354,0.5728144216683718
0.33887557742640917,0.25159680940695006,0.7167947189861561
0.7171987428549537,0.3127040346804719,0.49161224719237795
0.999789159492675,0.6855112896308897,0.7509742046164989
0.32728679428339025,0.9131126429942295,0.2293775689242965
0.7011288907695454,0.8646830397626308,0.8239755505468839
0.8696858334109052,0.6958518524514481,0.40681168659707545
0.8795627101627581,0.2985179227250536,0.3421410345097817
0.4001611509307974,0.35441408625705806,0.5142903534631634
0.07101175507840651,0.37390436518206804,0.2838410122701567
0.7345820637817984,0.05179485060764322,0.9030784499668248
0.5497098131266851,0.10109162873630839,0.2477153706240831
0.3333650698235924,0.5420409261539392,0.1944074782988331
0.1065637685733517,0.3735818761886177,0.9486945953451186
0.6983235605987114,0.1803815203939948,0.8802968877957917
0.8977721244982512,0.09474625625111899,0.29845892118687867
0.9816855037270164,0.8718565940863565,0.17039973424424848
0.05688683825527907,0.7890998013734655,0.7556494759465341
0.03731423179495452,0.017347188166484173,0.36522110789975915
0.9301833638934864,0.6977689492053978,0.444867204742841
0.5441569827386509,0.20472257705576913,0.2475825234489588
0.13124753633484187,0.16492240262778957,0.6768523461512358
0.7449814983216094,0.46848520165277563,0.22311748737201476
0.1278632108748191,0.9097156673371919,0.8504608467035918
0.1983861872931928,0.12857031981029088,0.3152127294905528
0.04098611819543596,0.9123259877480527,0.7747309567276087
0.800941498722824,0.8038917132290555,0.07998806374449907
0.40283942856170474,0.7769958566495732,0.41060749239809136
0.06247143927813137,0.8325142806982616,0.6702571389450952
0.215730066782296,0.9154691577809082,0.014922622208891734
0.5557551351159447,0.9107734062077044,0.634502494895922
0.7254254092328846,0.882933618165538,0.5032093049992807
0.6855107922181851,0.262308719280528,0.7852834668426094
0.9886142712773447,0.0299765322097989,0.8315745508542327
0.049283390623731105,0.27166960720468003,0.6978098686260776
0.6829914801743472,0.3251592418988204,0.6519872896424972
0.2602361541628534,0.8803545843849884,0.5324508449184169
0.3338341682796848,0.8390029651836975,0.4832612672251302
0.5780415598693203,0.9453676181531275,0.5964673287693971
0.7028830663536713,0.172765278191088,0.7025465189250942
0.6058319852226821,0.2150052095762336,0.0989033634759594
0.012030037254159631,0.08534902132801636,0.7818697641124743
0.36595706380386217,0.3575098044923173,0.6682911034208714
0.5638468718978964,0.5744967939471171,0.4911151335328715
0.6614893583216781,0.6560812630961017,0.25169593698857506
0.47974738629200275,0.3682031297374875,0.18318043258273797
0.4933131271720399,0.6843387477317681,0.3625270893836068
0.23645354556005327,0.5016327101604346,0.39949375958589983
0.3855983499603718,0.17869251752738813,0.42914436379912635
0.18957304437953193,0.08717066180433142,0.7369576789116015
0.21271147976427085,0.06660068314491674,0.8941900558343082
0.8940111081391728,0.3021360023733416,0.5176590605405298
0.9440482748676089,0.8904244114448201,0.7343538533510585
0.7636839602035144,0.07525464115186364,0.6621087392766112
0.3165969859771631,0.3005516624914001,0.7676665370343438
0.886365079829519,0.9134256814835865,0.37611881781918977
0.7959772458446096,0.7188521661489781,0.9344220065241875
0.3974438894859891,0.5411208348955566,0.999676065705573
0.10549739048307283,0.7346750370880996,0.47276100194024173
0.9343958804707543,0.8226191135173392,0.18736729974490518
0.8283311802917444,0.16895908513425661,0.24179613543988443
0.6331935125765804,0.31722994649317415,0.18917396025854405
0.3868047401374597,0.6475761421322382,0.36818896876656704
0.8597445798790795,0.7193565396155385,0.6994281953140162
0.7102624336202988,0.4261924259938715,0.8842756084337288
0.7930958213955372,0.11003922157597124,0.43118651089868165
0.5394678723724783,0.22789746748510709,0.5542487552960543
0.7816622553766618,0.11856074534264227,0.5708197954411689
0.2343361522534103,0.6743856507319169,0.496822633371924
0.11143983361265664,0.26201432420326376,0.24902966608219734
0.47141629550163366,0.34436209786325633,0.4150316405996032
0.8421365925259009,0.9889997569767943,0.543725988110769
0.06679479310122916,0.07299750458919096,0.8150061393893885
0.8627956956797085,0.9745924472930332,0.9364817282187193
0.3348047580820753,0.9343241254946302,0.7018367377017144
0.6969725579748239,0.2520178317221916,0.37872927055022265
0.715108272829113,0.5527225574884588,0.12721470658125344
0.5237347670280831,0.2547976098757512,0.9379668963728819
0.5947937461680082,0.19924740333527602,0.7507329802580782
0.09176318980027232,0.023187262573798773,0.2082906664144727
0.6857739986279723,0.36676413316456,0.30591095361590126
0.01724777193140603,0.35737543381406467,0.5030192112512978
0.45762330871104084,0.44238931797960646,0.507822277072036
